WorkingGroup,FishStock,CertYear,Year,Recruitment,TBiomass,SSB,Landings,YieldSSB,MeanF,Bmsy,SSBlim,Fmsy
afwg,cod-arct,2012,1946,728139,4168882,1112776,706000,0.6344,0.1857,2568700,220000,0.4
afwg,cod-arct,2012,1947,425311,3692801,1165059,882017,0.7571,0.3047,2568700,220000,0.4
afwg,cod-arct,2012,1948,442592,3665819,1019114,774295,0.7598,0.3398,2568700,220000,0.4
afwg,cod-arct,2012,1949,468348,3065111,729879,800122,1.0962,0.3619,2568700,220000,0.4
afwg,cod-arct,2012,1950,704908,2830103,615339,731982,1.1896,0.3566,2568700,220000,0.4
afwg,cod-arct,2012,1951,1083753,3141009,568705,827180,1.4545,0.3966,2568700,220000,0.4
afwg,cod-arct,2012,1952,1193111,3407679,520599,876795,1.6842,0.5348,2568700,220000,0.4
afwg,cod-arct,2012,1953,1590377,3557376,396417,695546,1.7546,0.3572,2568700,220000,0.4
afwg,cod-arct,2012,1954,641584,4039204,429694,826021,1.9223,0.3879,2568700,220000,0.4
afwg,cod-arct,2012,1955,272778,3488383,346919,1147841,3.3087,0.5437,2568700,220000,0.4
afwg,cod-arct,2012,1956,439602,3189831,299823,1343068,4.4795,0.6401,2568700,220000,0.4
afwg,cod-arct,2012,1957,804781,2495895,207840,792557,3.8133,0.5089,2568700,220000,0.4
afwg,cod-arct,2012,1958,496824,2164149,195377,769313,3.9376,0.5169,2568700,220000,0.4
afwg,cod-arct,2012,1959,683690,2415826,432489,744607,1.7217,0.5596,2568700,220000,0.4
afwg,cod-arct,2012,1960,789653,2050805,383479,622042,1.6221,0.4789,2568700,220000,0.4
afwg,cod-arct,2012,1961,916842,2137149,404228,783221,1.9376,0.6348,2568700,220000,0.4
afwg,cod-arct,2012,1962,728338,1957006,311678,909266,2.9173,0.7576,2568700,220000,0.4
afwg,cod-arct,2012,1963,472064,1747579,208207,776337,3.7287,0.9866,2568700,220000,0.4
afwg,cod-arct,2012,1964,338678,1374529,186570,437695,2.346,0.6789,2568700,220000,0.4
afwg,cod-arct,2012,1965,776941,1440693,102315,444930,4.3486,0.5533,2568700,220000,0.4
afwg,cod-arct,2012,1966,1582560,2198418,120722,483711,4.0068,0.5302,2568700,220000,0.4
afwg,cod-arct,2012,1967,1295416,2852164,129784,572605,4.412,0.5439,2568700,220000,0.4
afwg,cod-arct,2012,1968,164955,3387455,227215,1074084,4.7272,0.5704,2568700,220000,0.4
afwg,cod-arct,2012,1969,112039,2805591,151870,1197226,7.8832,0.8292,2568700,220000,0.4
afwg,cod-arct,2012,1970,197105,2057698,224482,933246,4.1573,0.7493,2568700,220000,0.4
afwg,cod-arct,2012,1971,404774,1610969,311662,689048,2.2109,0.5956,2568700,220000,0.4
afwg,cod-arct,2012,1972,1015319,1621485,346511,565254,1.6313,0.6928,2568700,220000,0.4
afwg,cod-arct,2012,1973,1818949,2401955,332913,792685,2.3811,0.602,2568700,220000,0.4
afwg,cod-arct,2012,1974,523916,2236387,164491,1102433,6.7021,0.5633,2568700,220000,0.4
afwg,cod-arct,2012,1975,621616,2037430,142028,829377,5.8395,0.6595,2568700,220000,0.4
afwg,cod-arct,2012,1976,613942,1931396,171238,867463,5.0658,0.6457,2568700,220000,0.4
afwg,cod-arct,2012,1977,348054,1950748,341385,905301,2.6518,0.8379,2568700,220000,0.4
afwg,cod-arct,2012,1978,638490,1576565,241536,698715,2.8928,0.9406,2568700,220000,0.4
afwg,cod-arct,2012,1979,198490,1114381,174699,440538,2.5217,0.7264,2568700,220000,0.4
afwg,cod-arct,2012,1980,137735,863862,108253,380434,3.5143,0.7241,2568700,220000,0.4
afwg,cod-arct,2012,1981,150868,983658,166926,399038,2.3905,0.8632,2568700,220000,0.4
afwg,cod-arct,2012,1982,151830,750871,326133,363730,1.1153,0.7583,2568700,220000,0.4
afwg,cod-arct,2012,1983,166831,738675,327181,289992,0.8863,0.756,2568700,220000,0.4
afwg,cod-arct,2012,1984,397831,817596,251087,277651,1.1058,0.9161,2568700,220000,0.4
afwg,cod-arct,2012,1985,523674,957513,193856,307920,1.5884,0.7038,2568700,220000,0.4
afwg,cod-arct,2012,1986,1038010,1294195,170729,430113,2.5193,0.8649,2568700,220000,0.4
afwg,cod-arct,2012,1987,286372,1126282,121243,523071,4.3142,0.951,2568700,220000,0.4
afwg,cod-arct,2012,1988,204645,915460,202589,434939,2.1469,0.9743,2568700,220000,0.4
afwg,cod-arct,2012,1989,172783,890362,234717,332481,1.4165,0.6602,2568700,220000,0.4
afwg,cod-arct,2012,1990,242751,962678,316419,212000,0.67,0.271,2568700,220000,0.4
afwg,cod-arct,2012,1991,411739,1561700,704748,319158,0.4529,0.321,2568700,220000,0.4
afwg,cod-arct,2012,1992,720703,1912033,887567,513234,0.5782,0.455,2568700,220000,0.4
afwg,cod-arct,2012,1993,892370,2358452,775174,581611,0.7503,0.5528,2568700,220000,0.4
afwg,cod-arct,2012,1994,776251,2145717,614799,771086,1.2542,0.8678,2568700,220000,0.4
afwg,cod-arct,2012,1995,608066,1804224,528780,739999,1.3994,0.7879,2568700,220000,0.4
afwg,cod-arct,2012,1996,438359,1687600,571732,732228,1.2807,0.6985,2568700,220000,0.4
afwg,cod-arct,2012,1997,715454,1532694,588888,762403,1.2946,1.033,2568700,220000,0.4
afwg,cod-arct,2012,1998,845476,1230812,386431,592624,1.5336,0.9151,2568700,220000,0.4
afwg,cod-arct,2012,1999,548551,1101982,293666,484910,1.6512,0.9842,2568700,220000,0.4
afwg,cod-arct,2012,2000,612599,1103592,241243,414868,1.7197,0.8448,2568700,220000,0.4
afwg,cod-arct,2012,2001,521360,1380326,356449,426471,1.1964,0.7071,2568700,220000,0.4
afwg,cod-arct,2012,2002,457346,1553273,499231,535045,1.0717,0.6743,2568700,220000,0.4
afwg,cod-arct,2012,2003,699345,1631526,551716,551990,1.0005,0.5368,2568700,220000,0.4
afwg,cod-arct,2012,2004,309769,1602075,662161,606445,0.9159,0.6744,2568700,220000,0.4
afwg,cod-arct,2012,2005,566089,1600612,619438,641276,1.0353,0.697,2568700,220000,0.4
afwg,cod-arct,2012,2006,566293,1563413,613874,537642,0.8758,0.5778,2568700,220000,0.4
afwg,cod-arct,2012,2007,918598,1831963,674305,486883,0.7221,0.3587,2568700,220000,0.4
afwg,cod-arct,2012,2008,851328,2286239,725543,464171,0.6398,0.3101,2568700,220000,0.4
afwg,cod-arct,2012,2009,583950,2631618,1154345,523430,0.4861,0.243,2568700,220000,0.4
afwg,cod-arct,2012,2010,357904,2613101,1364221,609983,0.5378,0.2301,2568700,220000,0.4
afwg,cod-arct,2012,2011,433000,3557297,1857157,,,0.2644,2568700,220000,0.4
afwg,cod-arct,2012,2012,,3950863,2062626,,,,2568700,220000,
afwg,had-arct,2012,1950,80445,237329,130535,132125,1.012180641,0.8371,1051720,50000,0.35
afwg,had-arct,2012,1951,662258,348413,97875,120077,1.226840358,0.6358,1051720,50000,0.35
afwg,had-arct,2012,1952,72667,230815,55402,127660,2.304248944,0.7463,1051720,50000,0.35
afwg,had-arct,2012,1953,1245502,501304,82864,123920,1.495462444,0.5255,1051720,50000,0.35
afwg,had-arct,2012,1954,147983,526092,115108,156788,1.362094728,0.3898,1051720,50000,0.35
afwg,had-arct,2012,1955,62332,476852,176055,202286,1.148993212,0.522,1051720,50000,0.35
afwg,had-arct,2012,1956,203088,462785,238661,213924,0.896350891,0.468,1051720,50000,0.35
afwg,had-arct,2012,1957,63225,313716,179145,123583,0.689849005,0.4559,1051720,50000,0.35
afwg,had-arct,2012,1958,82692,262667,147772,112672,0.762471916,0.5544,1051720,50000,0.35
afwg,had-arct,2012,1959,390902,343926,120505,88211,0.73201112,0.4127,1051720,50000,0.35
afwg,had-arct,2012,1960,286901,383604,103485,154651,1.494429144,0.5093,1051720,50000,0.35
afwg,had-arct,2012,1961,129579,376414,119121,193224,1.622081749,0.6827,1051720,50000,0.35
afwg,had-arct,2012,1962,285093,332860,109350,187408,1.713836305,0.8449,1051720,50000,0.35
afwg,had-arct,2012,1963,329333,294866,73487,146224,1.989794113,0.9019,1051720,50000,0.35
afwg,had-arct,2012,1964,383645,286221,57308,99158,1.730264535,0.6756,1051720,50000,0.35
afwg,had-arct,2012,1965,122085,342395,89044,118578,1.331678721,0.515,1051720,50000,0.35
afwg,had-arct,2012,1966,285944,371362,119915,161778,1.349105616,0.6313,1051720,50000,0.35
afwg,had-arct,2012,1967,355684,447195,143598,136397,0.949853062,0.4399,1051720,50000,0.35
afwg,had-arct,2012,1968,21570,402608,156889,181726,1.158309378,0.5277,1051720,50000,0.35
afwg,had-arct,2012,1969,21172,323291,168571,130820,0.77605282,0.4086,1051720,50000,0.35
afwg,had-arct,2012,1970,197328,267987,141613,88257,0.623226681,0.3741,1051720,50000,0.35
afwg,had-arct,2012,1971,114719,321678,152377,78905,0.517827494,0.2537,1051720,50000,0.35
afwg,had-arct,2012,1972,1204665,590094,114977,266153,2.31483688,0.7339,1051720,50000,0.35
afwg,had-arct,2012,1973,319222,568027,105465,322226,3.055288484,0.5828,1051720,50000,0.35
afwg,had-arct,2012,1974,62740,558097,186596,221157,1.185218333,0.5055,1051720,50000,0.35
afwg,had-arct,2012,1975,57677,437879,224139,175758,0.784147337,0.5283,1051720,50000,0.35
afwg,had-arct,2012,1976,65272,266602,176821,137264,0.776287884,0.6883,1051720,50000,0.35
afwg,had-arct,2012,1977,132035,186823,106152,110158,1.037738337,0.8305,1051720,50000,0.35
afwg,had-arct,2012,1978,206306,201084,83319,95422,1.145260985,0.6709,1051720,50000,0.35
afwg,had-arct,2012,1979,169860,252446,73840,103623,1.40334507,0.688,1051720,50000,0.35
afwg,had-arct,2012,1980,29524,271116,75480,87889,1.164401166,0.4908,1051720,50000,0.35
afwg,had-arct,2012,1981,13188,226140,92002,77153,0.838601335,0.4766,1051720,50000,0.35
afwg,had-arct,2012,1982,16435,169106,91802,46955,0.511481231,0.3518,1051720,50000,0.35
afwg,had-arct,2012,1983,9206,86255,56202,24600,0.437706843,0.3034,1051720,50000,0.35
afwg,had-arct,2012,1984,12259,68362,50464,20945,0.415048351,0.2789,1051720,50000,0.35
afwg,had-arct,2012,1985,293827,171927,50748,45052,0.887759124,0.3378,1051720,50000,0.35
afwg,had-arct,2012,1986,533759,334556,52224,100563,1.925608915,0.4883,1051720,50000,0.35
afwg,had-arct,2012,1987,120186,331044,66921,154916,2.314908624,0.6332,1051720,50000,0.35
afwg,had-arct,2012,1988,57121,263816,75898,95255,1.255039658,0.5026,1051720,50000,0.35
afwg,had-arct,2012,1989,28765,216657,89091,58518,0.656834024,0.3661,1051720,50000,0.35
afwg,had-arct,2012,1990,36968,178576,98099,27182,0.277087432,0.1474,1051720,50000,0.35
afwg,had-arct,2012,1991,107013,205221,116825,36216,0.31000214,0.1909,1051720,50000,0.35
afwg,had-arct,2012,1992,222307,285629,135338,59922,0.442758131,0.2679,1051720,50000,0.35
afwg,had-arct,2012,1993,673447,462784,141121,82379,0.583747281,0.339,1051720,50000,0.35
afwg,had-arct,2012,1994,302155,573557,166479,135186,0.812030346,0.4189,1051720,50000,0.35
afwg,had-arct,2012,1995,98786,562124,183938,142448,0.774434864,0.3564,1051720,50000,0.35
afwg,had-arct,2012,1996,106472,507724,235110,178128,0.757636851,0.3817,1051720,50000,0.35
afwg,had-arct,2012,1997,116281,369578,203724,154359,0.75768687,0.4756,1051720,50000,0.35
afwg,had-arct,2012,1998,63564,271516,155338,100630,0.647813156,0.4019,1051720,50000,0.35
afwg,had-arct,2012,1999,228580,276815,125167,83195,0.664671998,0.408,1051720,50000,0.35
afwg,had-arct,2012,2000,97331,258642,100486,68944,0.686105527,0.2678,1051720,50000,0.35
afwg,had-arct,2012,2001,374717,369362,140302,89640,0.6389075,0.2648,1051720,50000,0.35
afwg,had-arct,2012,2002,351908,451590,158363,114798,0.724904176,0.2984,1051720,50000,0.35
afwg,had-arct,2012,2003,231970,496848,187825,138926,0.739656595,0.4236,1051720,50000,0.35
afwg,had-arct,2012,2004,240625,482608,194295,158279,0.814632389,0.3495,1051720,50000,0.35
afwg,had-arct,2012,2005,351707,519724,216831,158298,0.730052437,0.4614,1051720,50000,0.35
afwg,had-arct,2012,2006,188696,469105,184216,153157,0.83139901,0.3701,1051720,50000,0.35
afwg,had-arct,2012,2007,765028,666461,220419,161525,0.732808878,0.3775,1051720,50000,0.35
afwg,had-arct,2012,2008,1192518,946601,211150,155604,0.736935828,0.3316,1051720,50000,0.35
afwg,had-arct,2012,2009,1056821,1234415,244365,200061,0.81869744,0.3079,1051720,50000,0.35
afwg,had-arct,2012,2010,284421,1263689,361519,249334,0.68968436,0.2494,1051720,50000,0.35
afwg,had-arct,2012,2011,120000,1516427,444837,309874,,0.3942,1051720,50000,0.35
afwg,had-arct,2012,2012,,1213141,373646,,,,1051720,50000,
afwg,sai-arct,2012,1960,92382,767473,539004,133515,0.2477,0.3148,738773,136000,
afwg,sai-arct,2012,1961,104182,774927,570302,105951,0.1858,0.2421,738773,136000,
afwg,sai-arct,2012,1962,203732,794132,536072,120707,0.2252,0.2503,738773,136000,
afwg,sai-arct,2012,1963,307190,894257,498806,148627,0.298,0.2737,738773,136000,
afwg,sai-arct,2012,1964,95252,859622,504704,197426,0.3912,0.3101,738773,136000,
afwg,sai-arct,2012,1965,287982,884694,513878,185600,0.3612,0.268,738773,136000,
afwg,sai-arct,2012,1966,139613,842688,468328,203788,0.4351,0.3505,738773,136000,
afwg,sai-arct,2012,1967,199107,812239,480490,181326,0.3774,0.2876,738773,136000,
afwg,sai-arct,2012,1968,156042,778843,457349,110247,0.2411,0.15,738773,136000,
afwg,sai-arct,2012,1969,291446,920271,519126,140060,0.2698,0.1644,738773,136000,
afwg,sai-arct,2012,1970,263215,1032756,583641,264924,0.4539,0.3407,738773,136000,
afwg,sai-arct,2012,1971,262608,1007521,549539,241272,0.439,0.2954,738773,136000,
afwg,sai-arct,2012,1972,153304,944517,568220,214334,0.3772,0.2747,738773,136000,
afwg,sai-arct,2012,1973,214898,911672,587140,213859,0.3642,0.2985,738773,136000,
afwg,sai-arct,2012,1974,93077,797521,548068,264121,0.4819,0.5102,738773,136000,
afwg,sai-arct,2012,1975,170518,658808,439590,233453,0.5311,0.4235,738773,136000,
afwg,sai-arct,2012,1976,256069,617215,323825,242486,0.7488,0.5062,738773,136000,
afwg,sai-arct,2012,1977,220593,540047,259383,182817,0.7048,0.433,738773,136000,
afwg,sai-arct,2012,1978,135546,469932,246457,155464,0.6308,0.4561,738773,136000,
afwg,sai-arct,2012,1979,206194,469793,221057,164680,0.745,0.593,738773,136000,
afwg,sai-arct,2012,1980,113271,433652,189652,144554,0.7622,0.5049,738773,136000,
afwg,sai-arct,2012,1981,283643,523380,187843,175540,0.9345,0.5367,738773,136000,
afwg,sai-arct,2012,1982,121615,457494,160760,168034,1.0452,0.5945,738773,136000,
afwg,sai-arct,2012,1983,102847,452679,196833,156936,0.7973,0.6101,738773,136000,
afwg,sai-arct,2012,1984,90673,352057,164444,158786,0.9656,0.6617,738773,136000,
afwg,sai-arct,2012,1985,99780,274151,125880,107183,0.8515,0.5352,738773,136000,
afwg,sai-arct,2012,1986,225093,293653,97133,67396,0.6939,0.4729,738773,136000,
afwg,sai-arct,2012,1987,169531,334438,84693,92391,1.0909,0.5324,738773,136000,
afwg,sai-arct,2012,1988,80035,349011,105371,114242,1.0842,0.5793,738773,136000,
afwg,sai-arct,2012,1989,67026,308960,117871,122817,1.042,0.5873,738773,136000,
afwg,sai-arct,2012,1990,72449,256927,118862,95848,0.8064,0.5425,738773,136000,
afwg,sai-arct,2012,1991,242213,356203,117520,107327,0.9133,0.4413,738773,136000,
afwg,sai-arct,2012,1992,379341,524292,100820,127604,1.2657,0.5927,738773,136000,
afwg,sai-arct,2012,1993,275265,638632,102259,154903,1.5148,0.4917,738773,136000,
afwg,sai-arct,2012,1994,208260,592372,162961,146950,0.9018,0.5152,738773,136000,
afwg,sai-arct,2012,1995,357604,713976,223147,168378,0.7546,0.4191,738773,136000,
afwg,sai-arct,2012,1996,135152,723322,269576,171348,0.6356,0.3429,738773,136000,
afwg,sai-arct,2012,1997,166302,712991,252099,143629,0.5697,0.273,738773,136000,
afwg,sai-arct,2012,1998,118608,753214,278808,153327,0.5499,0.2655,738773,136000,
afwg,sai-arct,2012,1999,262946,794451,290121,150375,0.5183,0.2895,738773,136000,
afwg,sai-arct,2012,2000,149548,830510,349261,135928,0.3892,0.1957,738773,136000,
afwg,sai-arct,2012,2001,196047,904554,380190,135853,0.3573,0.203,738773,136000,
afwg,sai-arct,2012,2002,340904,1020343,463790,154870,0.3339,0.2124,738773,136000,
afwg,sai-arct,2012,2003,131912,950645,448564,161592,0.3602,0.1803,738773,136000,
afwg,sai-arct,2012,2004,155028,953863,509233,164636,0.3233,0.169,738773,136000,
afwg,sai-arct,2012,2005,397982,1057862,581916,178568,0.3069,0.1881,738773,136000,
afwg,sai-arct,2012,2006,69368,931278,549331,212822,0.3874,0.2387,738773,136000,
afwg,sai-arct,2012,2007,112763,887911,574923,199008,0.3461,0.2317,738773,136000,
afwg,sai-arct,2012,2008,238313,827677,511528,184740,0.3612,0.26,738773,136000,
afwg,sai-arct,2012,2009,158868,805276,415311,161853,0.3897,0.257,738773,136000,
afwg,sai-arct,2012,2010,168349,795149,393155,193399,0.4919,0.368,738773,136000,
afwg,sai-arct,2012,2011,168349,724279,358114,,,0.351,738773,136000,
afwg,sai-arct,2012,2012,,636443,314684,,,,738773,136000,
hawg,her-3a22,2012,1991,5001715,617657,311499,191573,0.615,0.3557,,,
hawg,her-3a22,2012,1992,3654685,543054,323333,194411,0.6013,0.4752,,,
hawg,her-3a22,2012,1993,3108187,464197,295501,185010,0.6261,0.5426,,,
hawg,her-3a22,2012,1994,6178461,377562,231703,172438,0.7442,0.695,,,
hawg,her-3a22,2012,1995,4046433,317660,182207,150831,0.8278,0.5125,,,
hawg,her-3a22,2012,1996,4491298,273180,134287,121266,0.903,0.7013,,,
hawg,her-3a22,2012,1997,3988814,275348,150316,115588,0.769,0.5107,,,
hawg,her-3a22,2012,1998,5614285,272747,121287,107032,0.8825,0.492,,,
hawg,her-3a22,2012,1999,6455978,290364,128609,97240,0.7561,0.3733,,,
hawg,her-3a22,2012,2000,3415970,295915,142270,109914,0.7726,0.4669,,,
hawg,her-3a22,2012,2001,4456945,320824,163748,105803,0.6461,0.4525,,,
hawg,her-3a22,2012,2002,2949392,352944,203513,106191,0.5218,0.404,,,
hawg,her-3a22,2012,2003,3864124,266947,163523,78309,0.4789,0.3928,,,
hawg,her-3a22,2012,2004,2611938,278782,167665,76815,0.4581,0.342,,,
hawg,her-3a22,2012,2005,2028331,277906,165279,88406,0.5349,0.3941,,,
hawg,her-3a22,2012,2006,1585196,294102,184202,90549,0.4916,0.455,,,
hawg,her-3a22,2012,2007,1620155,219092,141118,68997,0.4889,0.4352,,,
hawg,her-3a22,2012,2008,1479130,195780,117197,68484,0.5843,0.4742,,,
hawg,her-3a22,2012,2009,2159680,177799,105222,67262,0.6392,0.5174,,,
hawg,her-3a22,2012,2010,3961260,163736,95152,42214,0.4436,0.3018,,,
hawg,her-3a22,2012,2011,1754829,,97452,,,,,,
hawg,her-47d3,2012,1960,12092313,3747903,1884122,696200,0.3695,0.3367,3467680,800000,0.25
hawg,her-47d3,2012,1961,108850059,4364354,1662930,696700,0.419,0.4315,3467680,800000,0.25
hawg,her-47d3,2012,1962,46272455,4397754,1115220,627800,0.5629,0.529,3467680,800000,0.25
hawg,her-47d3,2012,1963,47657565,4628953,2189201,716000,0.3271,0.226,3467680,800000,0.25
hawg,her-47d3,2012,1964,62786575,4797400,2031515,871200,0.4288,0.3434,3467680,800000,0.25
hawg,her-47d3,2012,1965,34895343,4344785,1450013,1168800,0.8061,0.6952,3467680,800000,0.25
hawg,her-47d3,2012,1966,27859139,3316825,1281010,895500,0.6991,0.6194,3467680,800000,0.25
hawg,her-47d3,2012,1967,40256391,2814536,919752,695500,0.7562,0.7982,3467680,800000,0.25
hawg,her-47d3,2012,1968,38698817,2521305,412840,717800,1.7387,1.3363,3467680,800000,0.25
hawg,her-47d3,2012,1969,21581561,1905139,423877,546700,1.2898,1.1052,3467680,800000,0.25
hawg,her-47d3,2012,1970,41073298,1921888,374629,563100,1.5031,1.105,3467680,800000,0.25
hawg,her-47d3,2012,1971,32307965,1849446,266051,520100,1.9549,1.4049,3467680,800000,0.25
hawg,her-47d3,2012,1972,20861031,1549562,288353,497500,1.7253,0.696,3467680,800000,0.25
hawg,her-47d3,2012,1973,10102051,1156018,233410,484000,2.0736,1.1348,3467680,800000,0.25
hawg,her-47d3,2012,1974,21699985,912051,162051,275100,1.6976,1.0521,3467680,800000,0.25
hawg,her-47d3,2012,1975,2825521,680402,81658,312800,3.8306,1.4716,3467680,800000,0.25
hawg,her-47d3,2012,1976,2721846,358662,77952,174800,2.2424,1.4443,3467680,800000,0.25
hawg,her-47d3,2012,1977,4329404,210504,47622,46000,0.9659,0.8028,3467680,800000,0.25
hawg,her-47d3,2012,1978,4596094,224925,64889,11000,0.1695,0.0527,3467680,800000,0.25
hawg,her-47d3,2012,1979,10602593,382131,107141,25100,0.2343,0.0642,3467680,800000,0.25
hawg,her-47d3,2012,1980,16719547,630494,131011,70764,0.5401,0.2836,3467680,800000,0.25
hawg,her-47d3,2012,1981,37864017,1158667,195611,174879,0.894,0.3515,3467680,800000,0.25
hawg,her-47d3,2012,1982,64754769,1843295,278530,275079,0.9876,0.264,3467680,800000,0.25
hawg,her-47d3,2012,1983,61829567,2719425,432633,387202,0.895,0.338,3467680,800000,0.25
hawg,her-47d3,2012,1984,53460997,2865147,679075,428631,0.6312,0.4553,3467680,800000,0.25
hawg,her-47d3,2012,1985,80939722,3463006,699476,613780,0.8775,0.6436,3467680,800000,0.25
hawg,her-47d3,2012,1986,97653052,3473722,679590,671488,0.9881,0.5723,3467680,800000,0.25
hawg,her-47d3,2012,1987,86232161,3938023,901038,792058,0.8791,0.5522,3467680,800000,0.25
hawg,her-47d3,2012,1988,42292084,3622901,1195264,887686,0.7427,0.5365,3467680,800000,0.25
hawg,her-47d3,2012,1989,39183711,3312158,1251149,787899,0.6297,0.5444,3467680,800000,0.25
hawg,her-47d3,2012,1990,35866636,2978465,1186874,645229,0.5436,0.4416,3467680,800000,0.25
hawg,her-47d3,2012,1991,33636441,2716907,982498,658008,0.6697,0.4893,3467680,800000,0.25
hawg,her-47d3,2012,1992,62152334,2438080,705132,716799,1.0165,0.5814,3467680,800000,0.25
hawg,her-47d3,2012,1993,50270235,2520045,474742,671397,1.4142,0.6897,3467680,800000,0.25
hawg,her-47d3,2012,1994,34559978,2026875,512077,568234,1.1097,0.7068,3467680,800000,0.25
hawg,her-47d3,2012,1995,41738842,1846118,463304,579371,1.2505,0.7386,3467680,800000,0.25
hawg,her-47d3,2012,1996,50017440,1629136,463868,275098,0.5931,0.4016,3467680,800000,0.25
hawg,her-47d3,2012,1997,29137096,1957688,563131,264313,0.4694,0.4194,3467680,800000,0.25
hawg,her-47d3,2012,1998,28102834,2086762,739391,391628,0.5297,0.4828,3467680,800000,0.25
hawg,her-47d3,2012,1999,69449799,2371556,869482,363163,0.4177,0.3656,3467680,800000,0.25
hawg,her-47d3,2012,2000,42389537,2929463,886094,388157,0.4381,0.3547,3467680,800000,0.25
hawg,her-47d3,2012,2001,97487442,3364925,1344693,374065,0.2782,0.2852,3467680,800000,0.25
hawg,her-47d3,2012,2002,34766152,4166329,1658085,394709,0.2381,0.2339,3467680,800000,0.25
hawg,her-47d3,2012,2003,20060339,5962498,2455891,482281,0.2646,0.2303,3467680,800000,0.25
hawg,her-47d3,2012,2004,26095303,5040420,2419327,587698,0.304,0.2759,3467680,800000,0.25
hawg,her-47d3,2012,2005,16577102,4231216,2294441,663813,0.3547,0.3192,3467680,800000,0.25
hawg,her-47d3,2012,2006,22114044,3513065,1797667,514597,0.3372,0.2812,3467680,800000,0.25
hawg,her-47d3,2012,2007,30340022,2996633,1444105,406482,0.3293,0.2674,3467680,800000,0.25
hawg,her-47d3,2012,2008,26079173,3051061,1525755,257870,0.2138,0.1945,3467680,800000,0.25
hawg,her-47d3,2012,2009,38289832,3509556,1899308,168443,0.1168,0.0986,3467680,800000,0.25
hawg,her-47d3,2012,2010,38849289,4085685,2004690,187611,0.1442,0.1175,3467680,800000,0.25
hawg,her-47d3,2012,2011,28717710,4231216,2343134,217075,,0.093,3467680,800000,0.25
nwwg,cod-iceg,2012,1955,151982,2348870,931617,545250,0.37,0.29,,,
nwwg,cod-iceg,2012,1956,152835,2074170,786512,486909,0.37,0.29,,,
nwwg,cod-iceg,2012,1957,170668,1871760,767187,455182,0.38,0.31,,,
nwwg,cod-iceg,2012,1958,220662,1859580,868043,517359,0.43,0.36,,,
nwwg,cod-iceg,2012,1959,289198,1822650,847376,459081,0.4,0.32,,,
nwwg,cod-iceg,2012,1960,154298,1751030,706126,470121,0.48,0.37,,,
nwwg,cod-iceg,2012,1961,192751,1494380,465721,377291,0.44,0.36,,,
nwwg,cod-iceg,2012,1962,128773,1490640,567168,388985,0.45,0.38,,,
nwwg,cod-iceg,2012,1963,177454,1313940,506395,408800,0.53,0.46,,,
nwwg,cod-iceg,2012,1964,204280,1217550,449795,437012,0.63,0.55,,,
nwwg,cod-iceg,2012,1965,216459,1022160,317101,387106,0.68,0.58,,,
nwwg,cod-iceg,2012,1966,229215,1031100,276776,353357,0.66,0.59,,,
nwwg,cod-iceg,2012,1967,320342,1102490,256122,335721,0.6,0.56,,,
nwwg,cod-iceg,2012,1968,172046,1222640,221419,381770,0.69,0.72,,,
nwwg,cod-iceg,2012,1969,247678,1325650,313534,403205,0.59,0.56,,,
nwwg,cod-iceg,2012,1970,180592,1337200,330912,475077,0.68,0.61,,,
nwwg,cod-iceg,2012,1971,188718,1098060,242326,444248,0.8,0.68,,,
nwwg,cod-iceg,2012,1972,139299,996782,221553,395166,0.81,0.69,,,
nwwg,cod-iceg,2012,1973,273156,843705,245211,369205,0.86,0.71,,,
nwwg,cod-iceg,2012,1974,179030,918066,186778,368133,0.9,0.76,,,
nwwg,cod-iceg,2012,1975,260849,895090,168051,364754,0.91,0.81,,,
nwwg,cod-iceg,2012,1976,367694,955135,138256,346253,0.78,0.75,,,
nwwg,cod-iceg,2012,1977,143306,1289340,198322,340086,0.61,0.59,,,
nwwg,cod-iceg,2012,1978,227701,1297540,212018,329602,0.52,0.48,,,
nwwg,cod-iceg,2012,1979,243348,1397140,303879,366462,0.51,0.45,,,
nwwg,cod-iceg,2012,1980,139998,1489150,356291,432237,0.57,0.49,,,
nwwg,cod-iceg,2012,1981,140407,1241650,263659,465032,0.72,0.66,,,
nwwg,cod-iceg,2012,1982,131678,970044,166727,380068,0.79,0.73,,,
nwwg,cod-iceg,2012,1983,233440,790487,129594,298049,0.73,0.72,,,
nwwg,cod-iceg,2012,1984,139021,913529,140593,282022,0.69,0.64,,,
nwwg,cod-iceg,2012,1985,140020,927636,172047,323428,0.75,0.67,,,
nwwg,cod-iceg,2012,1986,329856,854308,197698,364797,0.88,0.78,,,
nwwg,cod-iceg,2012,1987,261093,1030500,149358,389915,0.91,0.86,,,
nwwg,cod-iceg,2012,1988,175519,1033140,171596,377554,0.91,0.89,,,
nwwg,cod-iceg,2012,1989,88941,1003550,171332,363125,0.85,0.72,,,
nwwg,cod-iceg,2012,1990,130334,841657,213684,335316,0.88,0.7,,,
nwwg,cod-iceg,2012,1991,106637,698236,160531,307759,1,0.8,,,
nwwg,cod-iceg,2012,1992,174568,550268,152457,264834,1.03,0.85,,,
nwwg,cod-iceg,2012,1993,135394,595018,124053,250704,1.02,0.87,,,
nwwg,cod-iceg,2012,1994,77436,576036,153852,178138,0.73,0.63,,,
nwwg,cod-iceg,2012,1995,150710,556670,178889,168592,0.6,0.51,,,
nwwg,cod-iceg,2012,1996,165408,669614,159282,180701,0.55,0.51,,,
nwwg,cod-iceg,2012,1997,88020,782056,189957,203112,0.55,0.55,,,
nwwg,cod-iceg,2012,1998,161405,719565,211189,243987,0.67,0.65,,,
nwwg,cod-iceg,2012,1999,70567,730156,184179,260147,0.79,0.75,,,
nwwg,cod-iceg,2012,2000,171614,589101,166618,235092,0.79,0.76,,,
nwwg,cod-iceg,2012,2001,161446,686823,161479,234229,0.74,0.75,,,
nwwg,cod-iceg,2012,2002,158963,727755,196585,208487,0.62,0.63,,,
nwwg,cod-iceg,2012,2003,178595,738521,185962,207543,0.6,0.58,,,
nwwg,cod-iceg,2012,2004,79643,799100,201762,226762,0.62,0.58,,,
nwwg,cod-iceg,2012,2005,155632,721822,231370,213403,0.58,0.55,,,
nwwg,cod-iceg,2012,2006,133523,700569,221404,196077,0.56,0.54,,,
nwwg,cod-iceg,2012,2007,90788,679748,204285,170300,0.5,0.51,,,
nwwg,cod-iceg,2012,2008,132940,694842,266878,146104,0.4,0.39,,,
nwwg,cod-iceg,2012,2009,123310,793912,253677,181151,0.42,0.38,,,
nwwg,cod-iceg,2012,2010,129202,840236,297608,168880,0.36,0.32,,,
nwwg,cod-iceg,2012,2011,167958,969277,367000,,,0.28,,,
nwwg,cod-iceg,2012,2012,,1106615,419000,,,,,,
nwwg,had-iceg,2012,1979,80923,162177,96072,55330,0.341172299,0.52088,,,
nwwg,had-iceg,2012,1980,37390,192244,116521,51110,0.265862134,0.397891,,,
nwwg,had-iceg,2012,1981,10426,206988,141628,63559,0.307063695,0.542203,,,
nwwg,had-iceg,2012,1982,42788,180380,136817,69428,0.384897439,0.444141,,,
nwwg,had-iceg,2012,1983,29306,148112,112589,65943,0.445220509,0.508177,,,
nwwg,had-iceg,2012,1984,20574,112797,82961,48282,0.428044186,0.515023,,,
nwwg,had-iceg,2012,1985,42788,102394,66652,51102,0.499068305,0.537229,,,
nwwg,had-iceg,2012,1986,86501,96480,59837,48859,0.506419997,0.738889,,,
nwwg,had-iceg,2012,1987,164036,105395,46298,40760,0.386732767,0.583643,,,
nwwg,had-iceg,2012,1988,48742,153708,69391,54204,0.35263942,0.675359,,,
nwwg,had-iceg,2012,1989,29778,168184,99537,62885,0.373905366,0.676371,,,
nwwg,had-iceg,2012,1990,27094,145507,110745,67198,0.46181627,0.610767,,,
nwwg,had-iceg,2012,1991,92281,122708,89825,54692,0.445706881,0.664292,,,
nwwg,had-iceg,2012,1992,175094,106310,66379,47121,0.443241464,0.728033,,,
nwwg,had-iceg,2012,1993,38437,130461,71000,48123,0.368871157,0.668831,,,
nwwg,had-iceg,2012,1994,46842,127836,83295,59502,0.465454958,0.640774,,,
nwwg,had-iceg,2012,1995,72857,124042,85054,60884,0.490835362,0.660904,,,
nwwg,had-iceg,2012,1996,36341,108036,70008,56890,0.52658188,0.675114,,,
nwwg,had-iceg,2012,1997,102509,87152,58993,43764,0.502153127,0.624108,,,
nwwg,had-iceg,2012,1998,17976,97121,64203,41192,0.424129381,0.626716,,,
nwwg,had-iceg,2012,1999,50112,91024,64439,45411,0.498890946,0.68486,,,
nwwg,had-iceg,2012,2000,118842,90652,63531,42105,0.464474979,0.636291,,,
nwwg,had-iceg,2012,2001,156098,115581,70555,39654,0.343079745,0.461815,,,
nwwg,had-iceg,2012,2002,188264,169063,99807,50498,0.298690429,0.45995,,,
nwwg,had-iceg,2012,2003,49771,220805,148288,60883,0.275732434,0.401748,,,
nwwg,had-iceg,2012,2004,152443,253807,182198,84828,0.334222854,0.486681,,,
nwwg,had-iceg,2012,2005,390573,260418,178114,97225,0.373342856,0.50914,,,
nwwg,had-iceg,2012,2006,82587,301914,144750,97614,0.323316905,0.581257,,,
nwwg,had-iceg,2012,2007,45588,298912,164319,109966,0.367887539,0.55109,,,
nwwg,had-iceg,2012,2008,47021,251566,160319,102872,0.408926485,0.485564,,,
nwwg,had-iceg,2012,2009,112289,195503,144947,82045,0.419659545,0.49047,,,
nwwg,had-iceg,2012,2010,22499,168836,116130,64169,0.380064086,0.461173,,,
nwwg,had-iceg,2012,2011,23639,145295,97480,,,,,,
nwwg,her-vasu,2012,1987,530000,504000,384000,75000,0.195,0.347,,,
nwwg,her-vasu,2012,1988,271000,495000,423000,93000,0.22,0.266,,,
nwwg,her-vasu,2012,1989,448000,459000,386000,101000,0.262,0.322,,,
nwwg,her-vasu,2012,1990,301000,410000,350000,104000,0.297,0.4,,,
nwwg,her-vasu,2012,1991,842000,424000,310000,107000,0.345,0.436,,,
nwwg,her-vasu,2012,1992,1035000,503000,344000,107000,0.311,0.415,,,
nwwg,her-vasu,2012,1993,638000,547000,425000,103000,0.243,0.247,,,
nwwg,her-vasu,2012,1994,694000,555000,442000,134000,0.303,0.311,,,
nwwg,her-vasu,2012,1995,204000,464000,408000,125000,0.306,0.342,,,
nwwg,her-vasu,2012,1996,183000,350000,310000,96000,0.31,0.358,,,
nwwg,her-vasu,2012,1997,778000,371000,271000,65000,0.239,0.247,,,
nwwg,her-vasu,2012,1998,326000,371000,302000,86000,0.285,0.276,,,
nwwg,her-vasu,2012,1999,565000,379000,294000,93000,0.316,0.371,,,
nwwg,her-vasu,2012,2000,404000,396000,313000,100000,0.319,0.327,,,
nwwg,her-vasu,2012,2001,492000,360000,281000,94000,0.334,0.398,,,
nwwg,her-vasu,2012,2002,1679000,562000,317000,96000,0.303,0.393,,,
nwwg,her-vasu,2012,2003,1190000,648000,436000,129000,0.296,0.258,,,
nwwg,her-vasu,2012,2004,643000,693000,560000,112000,0.2,0.203,,,
nwwg,her-vasu,2012,2005,1187000,818000,608000,102000,0.168,0.205,,,
nwwg,her-vasu,2012,2006,678000,895000,719000,130000,0.181,0.122,,,
nwwg,her-vasu,2012,2007,823000,819000,665000,158000,0.237,0.254,,,
nwwg,her-vasu,2012,2008,597000,829000,688000,152000,0.221,0.253,,,
nwwg,her-vasu,2012,2009,571000,797000,542000,46000,0.085,0.078,,,
nwwg,her-vasu,2012,2010,529000,601000,386000,44000,0.114,0.125,,,
nwwg,her-vasu,2012,2011,567000,448000,218000,,,,,,
wgansa,sar-soth,2012,1978,11659000,,302000,145609,,0.3555,,,
wgansa,sar-soth,2012,1979,13689000,,371000,157241,,0.3632,,,
wgansa,sar-soth,2012,1980,14888000,,458000,194802,,0.2633,,,
wgansa,sar-soth,2012,1981,9455000,,574000,216517,,0.3162,,,
wgansa,sar-soth,2012,1982,6897000,,606000,206946,,0.3017,,,
wgansa,sar-soth,2012,1983,19940000,,561000,183837,,0.2636,,,
wgansa,sar-soth,2012,1984,8495000,,615000,206005,,0.238,,,
wgansa,sar-soth,2012,1985,6493000,,718000,208439,,0.2343,,,
wgansa,sar-soth,2012,1986,5414000,,668000,187363,,0.2988,,,
wgansa,sar-soth,2012,1987,9065000,,564000,177696,,0.2923,,,
wgansa,sar-soth,2012,1988,5824000,,491000,161531,,0.305,,,
wgansa,sar-soth,2012,1989,5776000,,411000,140961,,0.3267,,,
wgansa,sar-soth,2012,1990,5442000,,373000,149429,,0.3901,,,
wgansa,sar-soth,2012,1991,12550000,,378000,132587,,0.2852,,,
wgansa,sar-soth,2012,1992,10368000,,493000,130250,,0.2607,,,
wgansa,sar-soth,2012,1993,4630000,,547000,142495,,0.3096,,,
wgansa,sar-soth,2012,1994,4540000,,552000,136582,,0.2184,,,
wgansa,sar-soth,2012,1995,3841000,,604000,125280,,0.2329,,,
wgansa,sar-soth,2012,1996,4868000,,409000,116736,,0.2618,,,
wgansa,sar-soth,2012,1997,3797000,,362000,115814,,0.3556,,,
wgansa,sar-soth,2012,1998,3854000,,313000,108924,,0.4089,,,
wgansa,sar-soth,2012,1999,3741000,,313000,94091,,0.3605,,,
wgansa,sar-soth,2012,2000,10382000,,250000,85786,,0.3429,,,
wgansa,sar-soth,2012,2001,7121000,,290000,101957,,0.2698,,,
wgansa,sar-soth,2012,2002,3922000,,422000,99673,,0.2273,,,
wgansa,sar-soth,2012,2003,2736000,,430000,97831,,0.2247,,,
wgansa,sar-soth,2012,2004,11289000,,427000,98020,,0.2375,,,
wgansa,sar-soth,2012,2005,4938000,,345000,97345,,0.207,,,
wgansa,sar-soth,2012,2006,1568000,,544000,87023,,0.1835,,,
wgansa,sar-soth,2012,2007,1859000,,521000,96469,,0.2,,,
wgansa,sar-soth,2012,2008,2534000,,379000,101464,,0.3022,,,
wgansa,sar-soth,2012,2009,3760000,,263000,87740,,0.3358,,,
wgansa,sar-soth,2012,2010,1419000,,172000,89571,,0.4284,,,
wgansa,sar-soth,2012,2011,2407000,,174000,,,,,,
wgbfas,cod-2532,2012,1966,430264,355416,172018,134867,0.784,0.84,985300,63750,0.3
wgbfas,cod-2532,2012,1967,370921,436280,228679,152378,0.6663,1.16,985300,63750,0.3
wgbfas,cod-2532,2012,1968,354063,422232,233958,164472,0.703,1.13,985300,63750,0.3
wgbfas,cod-2532,2012,1969,306727,395953,222659,169909,0.7631,1.1,985300,63750,0.3
wgbfas,cod-2532,2012,1970,240011,351666,208842,154492,0.7398,1.12,985300,63750,0.3
wgbfas,cod-2532,2012,1971,264787,314516,184181,118217,0.6419,0.91,985300,63750,0.3
wgbfas,cod-2532,2012,1972,322278,350280,198996,143833,0.7228,1.04,985300,63750,0.3
wgbfas,cod-2532,2012,1973,432140,394362,211991,143164,0.6753,0.97,985300,63750,0.3
wgbfas,cod-2532,2012,1974,506893,500395,262952,147815,0.5621,0.83,985300,63750,0.3
wgbfas,cod-2532,2012,1975,303683,575916,339545,194649,0.5733,0.7,985300,63750,0.3
wgbfas,cod-2532,2012,1976,293397,535740,355564,203303,0.5718,0.93,985300,63750,0.3
wgbfas,cod-2532,2012,1977,479002,533503,326914,164792,0.5041,0.84,985300,63750,0.3
wgbfas,cod-2532,2012,1978,829398,712485,379201,154009,0.4061,0.54,985300,63750,0.3
wgbfas,cod-2532,2012,1979,615355,983040,579671,227699,0.3928,0.5,985300,63750,0.3
wgbfas,cod-2532,2012,1980,425886,1026484,696743,347619,0.4989,0.73,985300,63750,0.3
wgbfas,cod-2532,2012,1981,689813,984216,666132,330742,0.4965,0.81,985300,63750,0.3
wgbfas,cod-2532,2012,1982,693590,1057369,670941,316052,0.4711,0.73,985300,63750,0.3
wgbfas,cod-2532,2012,1983,472374,1003058,645258,332148,0.5148,0.71,985300,63750,0.3
wgbfas,cod-2532,2012,1984,302921,920299,657667,391952,0.596,0.89,985300,63750,0.3
wgbfas,cod-2532,2012,1985,253078,737751,544911,315083,0.5782,0.73,985300,63750,0.3
wgbfas,cod-2532,2012,1986,260214,547640,399371,252558,0.6324,1.09,985300,63750,0.3
wgbfas,cod-2532,2012,1987,368089,492366,320470,207081,0.6462,0.92,985300,63750,0.3
wgbfas,cod-2532,2012,1988,224300,462420,299273,194787,0.6509,0.84,985300,63750,0.3
wgbfas,cod-2532,2012,1989,122489,352909,240273,179178,0.7457,1.15,985300,63750,0.3
wgbfas,cod-2532,2012,1990,128357,271616,216024,153546,0.7108,1.24,985300,63750,0.3
wgbfas,cod-2532,2012,1991,82752,193191,151586,122517,0.8082,1.4,985300,63750,0.3
wgbfas,cod-2532,2012,1992,136406,133368,92864,54882,0.591,1.1,985300,63750,0.3
wgbfas,cod-2532,2012,1993,181985,172117,112710,45188,0.4009,0.43,985300,63750,0.3
wgbfas,cod-2532,2012,1994,127263,265896,191730,93380,0.487,0.67,985300,63750,0.3
wgbfas,cod-2532,2012,1995,119558,311265,236994,107712,0.4545,0.8,985300,63750,0.3
wgbfas,cod-2532,2012,1996,115509,224291,163779,121877,0.7442,1.01,985300,63750,0.3
wgbfas,cod-2532,2012,1997,88058,195522,135620,88600,0.6533,1.07,985300,63750,0.3
wgbfas,cod-2532,2012,1998,149121,175448,109078,67429,0.6182,1.03,985300,63750,0.3
wgbfas,cod-2532,2012,1999,152307,180246,90298,72989,0.8083,0.96,985300,63750,0.3
wgbfas,cod-2532,2012,2000,174929,214600,115853,89168,0.7697,1.07,985300,63750,0.3
wgbfas,cod-2532,2012,2001,135682,170963,104135,91325,0.877,1.23,985300,63750,0.3
wgbfas,cod-2532,2012,2002,122186,140459,82992,67740,0.8162,1.1,985300,63750,0.3
wgbfas,cod-2532,2012,2003,111907,135470,80153,71386,0.8906,0.96,985300,63750,0.3
wgbfas,cod-2532,2012,2004,107209,129882,78901,67768,0.8589,1.46,985300,63750,0.3
wgbfas,cod-2532,2012,2005,160148,118110,63750,55254,0.8667,0.97,985300,63750,0.3
wgbfas,cod-2532,2012,2006,127414,147482,78656,65532,0.8331,0.84,985300,63750,0.3
wgbfas,cod-2532,2012,2007,160234,154636,93942,50843,0.5412,0.62,985300,63750,0.3
wgbfas,cod-2532,2012,2008,204938,183970,111253,42235,0.3796,0.3,985300,63750,0.3
wgbfas,cod-2532,2012,2009,198143,295648,186327,48439,0.26,0.2625,985300,63750,0.3
wgbfas,cod-2532,2012,2010,195479,333153,208152,50277,0.2166,0.2826,985300,63750,0.3
wgbfas,cod-2532,2012,2011,145702,339816,211344,,,0.2571,985300,63750,0.3
wgbfas,cod-2532,2012,2012,,407779,262701,,,,985300,63750,0.3
wgnssk,ple-eche,2012,1980,18277,11602,3768,2060,0.55,0.44,,,
wgnssk,ple-eche,2012,1981,9253,10042,4510,3706,0.82,0.6,,,
wgnssk,ple-eche,2012,1982,18188,10391,5078,3781,0.74,0.63,,,
wgnssk,ple-eche,2012,1983,14563,10446,5427,3919,0.72,0.61,,,
wgnssk,ple-eche,2012,1984,19121,9731,4879,4010,0.82,0.75,,,
wgnssk,ple-eche,2012,1985,21613,10948,5334,4680,0.88,0.6,,,
wgnssk,ple-eche,2012,1986,44504,16272,6768,5311,0.78,0.66,,,
wgnssk,ple-eche,2012,1987,22757,22367,9067,6502,0.72,0.56,,,
wgnssk,ple-eche,2012,1988,19480,17001,8906,8098,0.91,0.59,,,
wgnssk,ple-eche,2012,1989,12397,14841,9571,6807,0.71,0.67,,,
wgnssk,ple-eche,2012,1990,15100,15092,9710,7031,0.72,0.71,,,
wgnssk,ple-eche,2012,1991,17016,12845,7149,6072,0.85,0.76,,,
wgnssk,ple-eche,2012,1992,21763,11771,6004,4925,0.82,0.66,,,
wgnssk,ple-eche,2012,1993,10296,11374,5226,4143,0.79,0.42,,,
wgnssk,ple-eche,2012,1994,13473,10879,5857,4757,0.81,0.65,,,
wgnssk,ple-eche,2012,1995,19477,10611,5095,3987,0.78,0.54,,,
wgnssk,ple-eche,2012,1996,22274,12384,4657,4191,0.9,0.63,,,
wgnssk,ple-eche,2012,1997,26090,10813,4802,4872,1.01,1.22,,,
wgnssk,ple-eche,2012,1998,10546,11923,5366,4467,0.83,0.79,,,
wgnssk,ple-eche,2012,1999,14291,9743,5574,4951,0.89,0.99,,,
wgnssk,ple-eche,2012,2000,13284,7315,3789,4294,1.13,0.69,,,
wgnssk,ple-eche,2012,2001,16160,8379,4260,4083,0.96,0.63,,,
wgnssk,ple-eche,2012,2002,15444,8651,4099,4256,1.04,1.01,,,
wgnssk,ple-eche,2012,2003,12833,7102,2906,3665,1.26,0.94,,,
wgnssk,ple-eche,2012,2004,10855,7552,2974,3183,1.07,0.62,,,
wgnssk,ple-eche,2012,2005,9195,6110,2931,2722,0.93,0.69,,,
wgnssk,ple-eche,2012,2006,8912,6170,3086,2643,0.86,0.63,,,
wgnssk,ple-eche,2012,2007,13055,6540,2837,2889,1.02,0.63,,,
wgnssk,ple-eche,2012,2008,11574,7698,2924,2763,0.94,0.55,,,
wgnssk,ple-eche,2012,2009,23432,6413,3564,2889,0.81,0.64,,,
wgnssk,ple-eche,2012,2010,14981,9228,3945,3177,0.81,0.46,,,
wgnssk,ple-eche,2012,2011,12163,8235,4342,,,,,,
wgnssk,ple-nsea,2012,1957,458000,329000,273000,78400,,0.269,559730,160000,0.25
wgnssk,ple-nsea,2012,1958,698000,350000,287100,88200,,0.321,559730,160000,0.25
wgnssk,ple-nsea,2012,1959,863000,389000,296300,109200,,0.367,559730,160000,0.25
wgnssk,ple-nsea,2012,1960,757000,407000,307200,117300,,0.368,559730,160000,0.25
wgnssk,ple-nsea,2012,1961,861000,423000,319900,118500,,0.348,559730,160000,0.25
wgnssk,ple-nsea,2012,1962,589000,462000,371300,125400,,0.39,559730,160000,0.25
wgnssk,ple-nsea,2012,1963,688000,462000,368400,148400,,0.423,559730,160000,0.25
wgnssk,ple-nsea,2012,1964,2232000,473000,361200,147600,,0.469,559730,160000,0.25
wgnssk,ple-nsea,2012,1965,695000,464000,343900,140200,,0.388,559730,160000,0.25
wgnssk,ple-nsea,2012,1966,587000,492000,359200,166600,,0.399,559730,160000,0.25
wgnssk,ple-nsea,2012,1967,401000,483000,412600,163400,,0.429,559730,160000,0.25
wgnssk,ple-nsea,2012,1968,434000,469000,401000,139500,,0.336,559730,160000,0.25
wgnssk,ple-nsea,2012,1969,649000,454000,376400,142800,,0.345,559730,160000,0.25
wgnssk,ple-nsea,2012,1970,651000,415000,332900,160000,,0.48,559730,160000,0.25
wgnssk,ple-nsea,2012,1971,410000,398000,314700,136900,,0.382,559730,160000,0.25
wgnssk,ple-nsea,2012,1972,367000,395000,316600,142500,,0.412,559730,160000,0.25
wgnssk,ple-nsea,2012,1973,1312000,355000,266600,143800,,0.466,559730,160000,0.25
wgnssk,ple-nsea,2012,1974,1133000,407000,278400,157500,,0.491,559730,160000,0.25
wgnssk,ple-nsea,2012,1975,865000,464000,291400,195200,,0.561,559730,160000,0.25
wgnssk,ple-nsea,2012,1976,693000,462000,307700,166900,,0.416,559730,160000,0.25
wgnssk,ple-nsea,2012,1977,989000,463000,314400,176700,,0.51,559730,160000,0.25
wgnssk,ple-nsea,2012,1978,912000,449000,301200,159600,,0.469,559730,160000,0.25
wgnssk,ple-nsea,2012,1979,891000,454000,295400,213300,,0.674,559730,160000,0.25
wgnssk,ple-nsea,2012,1980,1129000,410000,269600,171000,,0.557,559730,160000,0.25
wgnssk,ple-nsea,2012,1981,866000,388000,260500,172800,,0.538,559730,160000,0.25
wgnssk,ple-nsea,2012,1982,2031000,456000,260900,203700,,0.602,559730,160000,0.25
wgnssk,ple-nsea,2012,1983,1308000,506000,312400,218500,,0.593,559730,160000,0.25
wgnssk,ple-nsea,2012,1984,1259000,526000,321200,227000,,0.583,559730,160000,0.25
wgnssk,ple-nsea,2012,1985,1848000,551000,344300,220400,,0.53,559730,160000,0.25
wgnssk,ple-nsea,2012,1986,4765000,715000,371000,295300,,0.661,559730,160000,0.25
wgnssk,ple-nsea,2012,1987,1964000,753000,448600,344200,,0.692,559730,160000,0.25
wgnssk,ple-nsea,2012,1988,1771000,657000,390400,310900,,0.666,559730,160000,0.25
wgnssk,ple-nsea,2012,1989,1187000,594000,415500,277600,,0.608,559730,160000,0.25
wgnssk,ple-nsea,2012,1990,1037000,528000,380400,227500,,0.566,559730,160000,0.25
wgnssk,ple-nsea,2012,1991,915000,492000,350900,228900,,0.647,559730,160000,0.25
wgnssk,ple-nsea,2012,1992,777000,398000,285900,182200,,0.63,559730,160000,0.25
wgnssk,ple-nsea,2012,1993,531000,345000,249200,152100,,0.638,559730,160000,0.25
wgnssk,ple-nsea,2012,1994,443000,312000,227500,134200,,0.616,559730,160000,0.25
wgnssk,ple-nsea,2012,1995,1164000,329000,219600,120200,,0.642,559730,160000,0.25
wgnssk,ple-nsea,2012,1996,1291000,315000,181100,133700,,0.671,559730,160000,0.25
wgnssk,ple-nsea,2012,1997,2157000,401000,207500,183200,,0.79,559730,160000,0.25
wgnssk,ple-nsea,2012,1998,775000,376000,228200,175300,,0.729,559730,160000,0.25
wgnssk,ple-nsea,2012,1999,842000,344000,203400,151600,,0.66,559730,160000,0.25
wgnssk,ple-nsea,2012,2000,992000,343000,230500,125500,,0.463,559730,160000,0.25
wgnssk,ple-nsea,2012,2001,542000,396000,273600,182300,,0.763,559730,160000,0.25
wgnssk,ple-nsea,2012,2002,1729000,348000,200800,124600,,0.571,559730,160000,0.25
wgnssk,ple-nsea,2012,2003,535000,357000,230200,144300,,0.603,559730,160000,0.25
wgnssk,ple-nsea,2012,2004,1261000,356000,210800,115900,,0.476,559730,160000,0.25
wgnssk,ple-nsea,2012,2005,771000,359000,248300,109600,,0.4,559730,160000,0.25
wgnssk,ple-nsea,2012,2006,920000,392000,256500,119800,,0.369,559730,160000,0.25
wgnssk,ple-nsea,2012,2007,1078000,378000,261300,89200,,0.313,559730,160000,0.25
wgnssk,ple-nsea,2012,2008,915000,490000,360800,94700,,0.242,559730,160000,0.25
wgnssk,ple-nsea,2012,2009,873000,526000,400100,100200,,0.228,559730,160000,0.25
wgnssk,ple-nsea,2012,2010,808000,580000,500800,106500,,0.24,559730,160000,0.25
wgnssk,ple-nsea,2012,2011,915399,551000,476100,,,0.229,559730,160000,0.25
wgnssk,ple-nsea,2012,2012,,683000,589341,,,,559730,160000,0.25
wgnssk,sai-3a46,2012,1967,127000,396000,150800,88300,,0.322,978000,106000,0.3
wgnssk,sai-3a46,2012,1968,114000,520000,211700,113800,,0.291,978000,106000,0.3
wgnssk,sai-3a46,2012,1969,301000,694000,264000,130600,,0.262,978000,106000,0.3
wgnssk,sai-3a46,2012,1970,292000,890000,311900,235000,,0.408,978000,106000,0.3
wgnssk,sai-3a46,2012,1971,328000,1018000,429600,265400,,0.329,978000,106000,0.3
wgnssk,sai-3a46,2012,1972,171000,904000,474000,261900,,0.395,978000,106000,0.3
wgnssk,sai-3a46,2012,1973,153000,848000,534500,242500,,0.416,978000,106000,0.3
wgnssk,sai-3a46,2012,1974,149000,834000,554900,298400,,0.556,978000,106000,0.3
wgnssk,sai-3a46,2012,1975,181000,743000,472000,271600,,0.482,978000,106000,0.3
wgnssk,sai-3a46,2012,1976,384000,752000,351600,344000,,0.76,978000,106000,0.3
wgnssk,sai-3a46,2012,1977,118000,509000,263100,216400,,0.615,978000,106000,0.3
wgnssk,sai-3a46,2012,1978,92000,464000,268100,155100,,0.477,978000,106000,0.3
wgnssk,sai-3a46,2012,1979,78000,419000,241100,128400,,0.396,978000,106000,0.3
wgnssk,sai-3a46,2012,1980,67000,397000,235200,131900,,0.443,978000,106000,0.3
wgnssk,sai-3a46,2012,1981,173000,495000,241200,132300,,0.306,978000,106000,0.3
wgnssk,sai-3a46,2012,1982,110000,512000,210500,174400,,0.469,978000,106000,0.3
wgnssk,sai-3a46,2012,1983,118000,467000,214300,180000,,0.548,978000,106000,0.3
wgnssk,sai-3a46,2012,1984,205000,466000,176700,200800,,0.677,978000,106000,0.3
wgnssk,sai-3a46,2012,1985,312000,491000,161000,220900,,0.715,978000,106000,0.3
wgnssk,sai-3a46,2012,1986,288000,488000,152000,198600,,0.82,978000,106000,0.3
wgnssk,sai-3a46,2012,1987,113000,386000,153700,167500,,0.648,978000,106000,0.3
wgnssk,sai-3a46,2012,1988,115000,322000,149000,135200,,0.625,978000,106000,0.3
wgnssk,sai-3a46,2012,1989,78000,260000,116300,108900,,0.679,978000,106000,0.3
wgnssk,sai-3a46,2012,1990,119000,264000,104900,103800,,0.605,978000,106000,0.3
wgnssk,sai-3a46,2012,1991,138000,284000,103300,108000,,0.582,978000,106000,0.3
wgnssk,sai-3a46,2012,1992,93000,279000,104500,99700,,0.637,978000,106000,0.3
wgnssk,sai-3a46,2012,1993,152000,326000,109200,111500,,0.536,978000,106000,0.3
wgnssk,sai-3a46,2012,1994,104000,319000,118300,109600,,0.515,978000,106000,0.3
wgnssk,sai-3a46,2012,1995,224000,457000,135300,121800,,0.419,978000,106000,0.3
wgnssk,sai-3a46,2012,1996,112000,437000,147800,115000,,0.412,978000,106000,0.3
wgnssk,sai-3a46,2012,1997,165000,470000,196200,107300,,0.291,978000,106000,0.3
wgnssk,sai-3a46,2012,1998,71000,389000,196600,106100,,0.349,978000,106000,0.3
wgnssk,sai-3a46,2012,1999,140000,406000,207800,110700,,0.359,978000,106000,0.3
wgnssk,sai-3a46,2012,2000,93000,436000,207000,91300,,0.309,978000,106000,0.3
wgnssk,sai-3a46,2012,2001,224000,506000,221500,95000,,0.284,978000,106000,0.3
wgnssk,sai-3a46,2012,2002,189000,542000,222900,115400,,0.255,978000,106000,0.3
wgnssk,sai-3a46,2012,2003,125000,509000,255100,105600,,0.235,978000,106000,0.3
wgnssk,sai-3a46,2012,2004,94000,534000,306400,104200,,0.197,978000,106000,0.3
wgnssk,sai-3a46,2012,2005,184000,547000,327700,124500,,0.25,978000,106000,0.3
wgnssk,sai-3a46,2012,2006,57000,487000,312400,125700,,0.266,978000,106000,0.3
wgnssk,sai-3a46,2012,2007,124000,457000,310600,101200,,0.252,978000,106000,0.3
wgnssk,sai-3a46,2012,2008,72000,437000,292100,119300,,0.344,978000,106000,0.3
wgnssk,sai-3a46,2012,2009,57000,355000,260800,115700,,0.388,978000,106000,0.3
wgnssk,sai-3a46,2012,2010,125000,371000,248300,102500,,0.289,978000,106000,0.3
wgnssk,sai-3a46,2012,2011,119028,331000,217000,,,0.284,978000,106000,0.3
wgnssk,sai-3a46,2012,2012,,329000,216941,,,,978000,106000,0.3
wgnssk,sol-eche,2012,1982,12735,10429,7824,3190,,0.3546,15860,,0.29
wgnssk,sol-eche,2012,1983,21349,12620,9590,3458,,0.4061,15860,,0.29
wgnssk,sol-eche,2012,1984,21532,12971,8997,3575,,0.431,15860,,0.29
wgnssk,sol-eche,2012,1985,12913,13349,9999,3837,,0.3358,15860,,0.29
wgnssk,sol-eche,2012,1986,25732,14000,10616,3932,,0.3917,15860,,0.29
wgnssk,sol-eche,2012,1987,10981,13035,9015,4791,,0.5888,15860,,0.29
wgnssk,sol-eche,2012,1988,25830,12880,10149,3853,,0.4284,15860,,0.29
wgnssk,sol-eche,2012,1989,16808,11922,8451,3805,,0.5636,15860,,0.29
wgnssk,sol-eche,2012,1990,44294,13931,9638,3647,,0.3786,15860,,0.29
wgnssk,sol-eche,2012,1991,34877,15915,8803,4351,,0.4514,15860,,0.29
wgnssk,sol-eche,2012,1992,33652,17406,11231,4072,,0.3699,15860,,0.29
wgnssk,sol-eche,2012,1993,16787,17978,13193,4299,,0.3005,15860,,0.29
wgnssk,sol-eche,2012,1994,26573,15662,12581,4383,,0.3532,15860,,0.29
wgnssk,sol-eche,2012,1995,19443,15133,11135,4420,,0.3643,15860,,0.29
wgnssk,sol-eche,2012,1996,18912,15732,12183,4797,,0.4723,15860,,0.29
wgnssk,sol-eche,2012,1997,27791,14365,10598,4764,,0.5889,15860,,0.29
wgnssk,sol-eche,2012,1998,18014,12561,8143,3363,,0.4541,15860,,0.29
wgnssk,sol-eche,2012,1999,26284,12481,9085,4135,,0.5458,15860,,0.29
wgnssk,sol-eche,2012,2000,31336,13004,8555,3476,,0.4398,15860,,0.29
wgnssk,sol-eche,2012,2001,26428,12549,7644,4025,,0.3943,15860,,0.29
wgnssk,sol-eche,2012,2002,46845,14141,8569,4733,,0.3747,15860,,0.29
wgnssk,sol-eche,2012,2003,20825,17761,10420,5038,,0.3717,15860,,0.29
wgnssk,sol-eche,2012,2004,19531,15001,11492,4826,,0.3987,15860,,0.29
wgnssk,sol-eche,2012,2005,36749,19417,11505,4383,,0.3795,15860,,0.29
wgnssk,sol-eche,2012,2006,41801,21234,10018,4833,,0.4307,15860,,0.29
wgnssk,sol-eche,2012,2007,17285,19446,10973,5166,,0.4766,15860,,0.29
wgnssk,sol-eche,2012,2008,23835,19083,13515,4517,,0.4033,15860,,0.29
wgnssk,sol-eche,2012,2009,52897,23276,11624,4964,,0.5177,15860,,0.29
wgnssk,sol-eche,2012,2010,28137,21348,9296,4391,,0.4866,15860,,0.29
wgnssk,sol-eche,2012,2011,23535,27222,11854,,,0.421,15860,,0.29
wgnssk,sol-eche,2012,2012,,35526,15470,,,,15860,,0.29
wgnssk,sol-nsea,2012,1957,129000,63000,55100,12100,,0.178,74975,25000,0.22
wgnssk,sol-nsea,2012,1958,129000,72000,60900,14300,,0.207,74975,25000,0.22
wgnssk,sol-nsea,2012,1959,489000,86000,65600,13800,,0.171,74975,25000,0.22
wgnssk,sol-nsea,2012,1960,62000,106000,73400,18600,,0.204,74975,25000,0.22
wgnssk,sol-nsea,2012,1961,100000,124000,117100,23600,,0.19,74975,25000,0.22
wgnssk,sol-nsea,2012,1962,23000,124000,116800,26900,,0.213,74975,25000,0.22
wgnssk,sol-nsea,2012,1963,20000,116000,113600,26200,,0.313,74975,25000,0.22
wgnssk,sol-nsea,2012,1964,539000,51000,37100,11300,,0.289,74975,25000,0.22
wgnssk,sol-nsea,2012,1965,122000,101000,30000,17000,,0.317,74975,25000,0.22
wgnssk,sol-nsea,2012,1966,40000,93000,84300,33300,,0.325,74975,25000,0.22
wgnssk,sol-nsea,2012,1967,75000,91000,83000,33400,,0.406,74975,25000,0.22
wgnssk,sol-nsea,2012,1968,99000,83000,72300,33200,,0.489,74975,25000,0.22
wgnssk,sol-nsea,2012,1969,51000,69000,55300,27600,,0.546,74975,25000,0.22
wgnssk,sol-nsea,2012,1970,138000,60000,50700,19700,,0.399,74975,25000,0.22
wgnssk,sol-nsea,2012,1971,42000,64000,43800,23700,,0.51,74975,25000,0.22
wgnssk,sol-nsea,2012,1972,76000,56000,47500,21100,,0.461,74975,25000,0.22
wgnssk,sol-nsea,2012,1973,105000,51000,36900,19300,,0.502,74975,25000,0.22
wgnssk,sol-nsea,2012,1974,110000,54000,36200,18000,,0.486,74975,25000,0.22
wgnssk,sol-nsea,2012,1975,41000,55000,38600,20800,,0.496,74975,25000,0.22
wgnssk,sol-nsea,2012,1976,113000,48000,39000,17300,,0.423,74975,25000,0.22
wgnssk,sol-nsea,2012,1977,140000,55000,35000,18000,,0.459,74975,25000,0.22
wgnssk,sol-nsea,2012,1978,47000,56000,36400,20300,,0.476,74975,25000,0.22
wgnssk,sol-nsea,2012,1979,12000,52000,45000,22600,,0.492,74975,25000,0.22
wgnssk,sol-nsea,2012,1980,152000,41000,33500,15800,,0.453,74975,25000,0.22
wgnssk,sol-nsea,2012,1981,149000,49000,23100,15400,,0.498,74975,25000,0.22
wgnssk,sol-nsea,2012,1982,152000,58000,32900,21600,,0.545,74975,25000,0.22
wgnssk,sol-nsea,2012,1983,142000,66000,39900,24900,,0.489,74975,25000,0.22
wgnssk,sol-nsea,2012,1984,71000,64000,43300,26800,,0.62,74975,25000,0.22
wgnssk,sol-nsea,2012,1985,82000,53000,40800,24200,,0.6,74975,25000,0.22
wgnssk,sol-nsea,2012,1986,159000,52000,34100,18200,,0.582,74975,25000,0.22
wgnssk,sol-nsea,2012,1987,73000,55000,29400,17400,,0.493,74975,25000,0.22
wgnssk,sol-nsea,2012,1988,456000,70000,38600,21600,,0.569,74975,25000,0.22
wgnssk,sol-nsea,2012,1989,108000,94000,33900,21800,,0.441,74975,25000,0.22
wgnssk,sol-nsea,2012,1990,177000,113000,89800,35100,,0.445,74975,25000,0.22
wgnssk,sol-nsea,2012,1991,70000,103000,77600,33500,,0.447,74975,25000,0.22
wgnssk,sol-nsea,2012,1992,353000,105000,77300,29300,,0.423,74975,25000,0.22
wgnssk,sol-nsea,2012,1993,69000,100000,55500,31500,,0.51,74975,25000,0.22
wgnssk,sol-nsea,2012,1994,57000,86000,74300,33000,,0.566,74975,25000,0.22
wgnssk,sol-nsea,2012,1995,96000,72000,59000,30500,,0.537,74975,25000,0.22
wgnssk,sol-nsea,2012,1996,49000,53000,38400,22700,,0.704,74975,25000,0.22
wgnssk,sol-nsea,2012,1997,271000,48000,27600,14900,,0.606,74975,25000,0.22
wgnssk,sol-nsea,2012,1998,114000,60000,20400,20900,,0.643,74975,25000,0.22
wgnssk,sol-nsea,2012,1999,82000,59000,41500,23500,,0.577,74975,25000,0.22
wgnssk,sol-nsea,2012,2000,123000,55000,38600,22600,,0.606,74975,25000,0.22
wgnssk,sol-nsea,2012,2001,63000,49000,30300,19900,,0.578,74975,25000,0.22
wgnssk,sol-nsea,2012,2002,185000,48000,31000,16900,,0.574,74975,25000,0.22
wgnssk,sol-nsea,2012,2003,83000,54000,25200,17900,,0.587,74975,25000,0.22
wgnssk,sol-nsea,2012,2004,45000,50000,37400,18800,,0.511,74975,25000,0.22
wgnssk,sol-nsea,2012,2005,49000,41000,32200,16400,,0.577,74975,25000,0.22
wgnssk,sol-nsea,2012,2006,213000,41000,24200,12600,,0.584,74975,25000,0.22
wgnssk,sol-nsea,2012,2007,56000,49000,18200,14600,,0.455,74975,25000,0.22
wgnssk,sol-nsea,2012,2008,72000,49000,35900,14100,,0.466,74975,25000,0.22
wgnssk,sol-nsea,2012,2009,94000,48000,33100,14000,,0.364,74975,25000,0.22
wgnssk,sol-nsea,2012,2010,153000,55000,33500,12600,,0.355,74975,25000,0.22
wgnssk,sol-nsea,2012,2011,93627,57000,34700,11500,,0.296,74975,25000,0.22
wgnssk,sol-nsea,2012,2012,,76000,46700,,,,74975,25000,0.22
wgwide,her-noss,2012,1950,751000000,20000000,14200000,826000,,0.0584,8469900,,
wgwide,her-noss,2012,1951,146000000,19300000,12500000,1280000,,0.0697,8469900,,
wgwide,her-noss,2012,1952,96600000,20200000,10900000,1250000,,0.0728,8469900,,
wgwide,her-noss,2012,1953,86100000,17400000,9350000,1070000,,0.0663,8469900,,
wgwide,her-noss,2012,1954,42100000,18600000,8660000,1640000,,0.113,8469900,,
wgwide,her-noss,2012,1955,25000000,15700000,9270000,1360000,,0.0783,8469900,,
wgwide,her-noss,2012,1956,29900000,13800000,10900000,1660000,,0.11,8469900,,
wgwide,her-noss,2012,1957,25400000,11100000,9650000,1320000,,0.103,8469900,,
wgwide,her-noss,2012,1958,23100000,9550000,8690000,986000,,0.0787,8469900,,
wgwide,her-noss,2012,1959,412000000,8080000,7180000,1110000,,0.113,8469900,,
wgwide,her-noss,2012,1960,198000000,7630000,5850000,1100000,,0.136,8469900,,
wgwide,her-noss,2012,1961,76100000,7800000,4390000,830000,,0.104,8469900,,
wgwide,her-noss,2012,1962,19000000,6770000,3440000,849000,,0.146,8469900,,
wgwide,her-noss,2012,1963,169000000,6910000,2670000,985000,,0.253,8469900,,
wgwide,her-noss,2012,1964,93900000,6450000,2530000,1280000,,0.226,8469900,,
wgwide,her-noss,2012,1965,8490000,5930000,3060000,1550000,,0.278,8469900,,
wgwide,her-noss,2012,1966,51400000,4390000,2800000,1960000,,0.696,8469900,,
wgwide,her-noss,2012,1967,3950000,3020000,1470000,1680000,,1.52,8469900,,
wgwide,her-noss,2012,1968,5190000,982000,344000,712000,,3.49,8469900,,
wgwide,her-noss,2012,1969,9780000,190000,145000,67800,,0.59,8469900,,
wgwide,her-noss,2012,1970,661000,116000,71000,62300,,1.32,8469900,,
wgwide,her-noss,2012,1971,236000,130000,32000,21100,,1.53,8469900,,
wgwide,her-noss,2012,1972,957000,84800,16000,13200,,1.5,8469900,,
wgwide,her-noss,2012,1973,12900000,112000,85000,7020,,1.17,8469900,,
wgwide,her-noss,2012,1974,8630000,160000,91000,7620,,0.114,8469900,,
wgwide,her-noss,2012,1975,2970000,302000,79000,13700,,0.19,8469900,,
wgwide,her-noss,2012,1976,10100000,362000,138000,10400,,0.106,8469900,,
wgwide,her-noss,2012,1977,5100000,429000,286000,22700,,0.111,8469900,,
wgwide,her-noss,2012,1978,6200000,579000,358000,19800,,0.0434,8469900,,
wgwide,her-noss,2012,1979,12500000,635000,388000,12900,,0.0238,8469900,,
wgwide,her-noss,2012,1980,1470000,748000,471000,18600,,0.0341,8469900,,
wgwide,her-noss,2012,1981,1100000,796000,504000,13700,,0.0215,8469900,,
wgwide,her-noss,2012,1982,2340000,729000,503000,16700,,0.02,8469900,,
wgwide,her-noss,2012,1983,343000000,1110000,575000,23100,,0.0291,8469900,,
wgwide,her-noss,2012,1984,11500000,2090000,602000,53500,,0.0903,8469900,,
wgwide,her-noss,2012,1985,36600000,5460000,515000,170000,,0.379,8469900,,
wgwide,her-noss,2012,1986,6040000,1900000,437000,225000,,1.07,8469900,,
wgwide,her-noss,2012,1987,9090000,3310000,926000,127000,,0.404,8469900,,
wgwide,her-noss,2012,1988,27157000,3651000,2076000,135301,,0.047,8469900,,
wgwide,her-noss,2012,1989,72884000,4388000,3428000,103830,,0.029,8469900,,
wgwide,her-noss,2012,1990,109283000,4972000,4135000,86411,,0.02,8469900,,
wgwide,her-noss,2012,1991,316192000,5617000,4072000,84683,,0.022,8469900,,
wgwide,her-noss,2012,1992,378152000,6689000,4173000,104448,,0.025,8469900,,
wgwide,her-noss,2012,1993,118591000,7761000,4089000,232457,,0.06,8469900,,
wgwide,her-noss,2012,1994,40704000,8835000,4212000,479228,,0.123,8469900,,
wgwide,her-noss,2012,1995,17216000,9626000,4135000,905501,,0.222,8469900,,
wgwide,her-noss,2012,1996,58595000,9684000,4600000,1220283,,0.192,8469900,,
wgwide,her-noss,2012,1997,36301000,9578000,5840000,1426507,,0.182,8469900,,
wgwide,her-noss,2012,1998,266171000,8440000,6562000,1223131,,0.154,8469900,,
wgwide,her-noss,2012,1999,194091000,9657000,6727000,1235433,,0.187,8469900,,
wgwide,her-noss,2012,2000,65175000,9119000,5752000,1207201,,0.22,8469900,,
wgwide,her-noss,2012,2001,41135000,7687000,4705000,766136,,0.186,8469900,,
wgwide,her-noss,2012,2002,437741000,8224000,4153000,807795,,0.202,8469900,,
wgwide,her-noss,2012,2003,170429000,10093000,5143000,789510,,0.124,8469900,,
wgwide,her-noss,2012,2004,316337000,12360000,6501000,794066,,0.107,8469900,,
wgwide,her-noss,2012,2005,53623000,12878000,6622000,1003243,,0.141,8469900,,
wgwide,her-noss,2012,2006,71228000,13991000,7074000,968958,,0.144,8469900,,
wgwide,her-noss,2012,2007,22966000,13346000,8077000,1266993,,0.122,8469900,,
wgwide,her-noss,2012,2008,22443000,13202000,8798000,1545656,,0.155,8469900,,
wgwide,her-noss,2012,2009,42921000,12313000,9927000,1687373,,0.152,8469900,,
wgwide,her-noss,2012,2010,20022000,10490000,9176000,1457014,,0.158,8469900,,
wgwide,her-noss,2012,2011,90300000,,7862000,,,,8469900,,
wgwide,her-noss,2012,2012,,,,,,,8469900,,
wgwide,mac-nea,2012,1972,2068623,5152733,3823380,361262,0.0945,0.0194,2895760,,
wgwide,mac-nea,2012,1973,4683337,5043425,3874479,570719,0.1473,0.1856,2895760,,
wgwide,mac-nea,2012,1974,3903137,4916841,3691459,607473,0.1646,0.2098,2895760,,
wgwide,mac-nea,2012,1975,4842439,4726686,3414189,784329,0.2297,0.2244,2895760,,
wgwide,mac-nea,2012,1976,4872152,4441549,3083405,828434,0.2687,0.2632,2895760,,
wgwide,mac-nea,2012,1977,932132,4137636,2910433,620016,0.213,0.2036,2895760,,
wgwide,mac-nea,2012,1978,3193365,3792223,2865111,736519,0.2571,0.2004,2895760,,
wgwide,mac-nea,2012,1979,5254814,3365480,2411640,842739,0.3494,0.265,2895760,,
wgwide,mac-nea,2012,1980,5488305,3062440,2011767,734950,0.3653,0.2566,2895760,,
wgwide,mac-nea,2012,1981,7151703,3174667,2029471,754045,0.3715,0.2398,2895760,,
wgwide,mac-nea,2012,1982,1983343,3120061,1965373,716987,0.3648,0.2336,2895760,,
wgwide,mac-nea,2012,1983,1533408,3250467,2271391,672283,0.296,0.222,2895760,,
wgwide,mac-nea,2012,1984,7319238,3038895,2302573,641928,0.2788,0.231,2895760,,
wgwide,mac-nea,2012,1985,3256302,3208651,2235278,614371,0.2749,0.226,2895760,,
wgwide,mac-nea,2012,1986,3366656,3226834,2270278,602201,0.2653,0.2394,2895760,,
wgwide,mac-nea,2012,1987,5054409,3103095,2274055,654992,0.288,0.2258,2895760,,
wgwide,mac-nea,2012,1988,3562320,3175734,2278730,680491,0.2986,0.2486,2895760,,
wgwide,mac-nea,2012,1989,4362393,3261082,2359962,585920,0.2483,0.1866,2895760,,
wgwide,mac-nea,2012,1990,3121117,3056376,2232058,626107,0.2805,0.1878,2895760,,
wgwide,mac-nea,2012,1991,3593115,3338363,2482928,675665,0.2721,0.2324,2895760,,
wgwide,mac-nea,2012,1992,4455735,3445708,2502499,760690,0.304,0.2614,2895760,,
wgwide,mac-nea,2012,1993,5232681,3360617,2335733,824568,0.353,0.328,2895760,,
wgwide,mac-nea,2012,1994,4333945,3202373,2138052,819087,0.3831,0.3686,2895760,,
wgwide,mac-nea,2012,1995,3941891,3351007,2287940,756277,0.3305,0.3592,2895760,,
wgwide,mac-nea,2012,1996,3939351,3139193,2271747,563472,0.248,0.2496,2895760,,
wgwide,mac-nea,2012,1997,3131927,3243405,2341682,573029,0.2447,0.2488,2895760,,
wgwide,mac-nea,2012,1998,3023191,3076361,2249411,666316,0.2962,0.2854,2895760,,
wgwide,mac-nea,2012,1999,3078635,3129469,2281957,640309,0.2806,0.3034,2895760,,
wgwide,mac-nea,2012,2000,2100914,2889062,2068453,738606,0.3571,0.3536,2895760,,
wgwide,mac-nea,2012,2001,4624870,2818169,2030317,737463,0.3632,0.4002,2895760,,
wgwide,mac-nea,2012,2002,7391517,2539135,1682344,772905,0.4594,0.4502,2895760,,
wgwide,mac-nea,2012,2003,3593739,2787764,1685899,669600,0.3972,0.4562,2895760,,
wgwide,mac-nea,2012,2004,4713224,2650960,1765752,650221,0.3682,0.4234,2895760,,
wgwide,mac-nea,2012,2005,7591298,3092520,2187884,543486,0.2484,0.3066,2895760,,
wgwide,mac-nea,2012,2006,7645220,3446060,2335167,472652,0.2024,0.2508,2895760,,
wgwide,mac-nea,2012,2007,4406074,3796265,2543583,579379,0.2278,0.2836,2895760,,
wgwide,mac-nea,2012,2008,4383713,3936194,2803086,612856,0.2186,0.2558,2895760,,
wgwide,mac-nea,2012,2009,4040332,4228534,3144025,734889,0.2337,0.25,2895760,,
wgwide,mac-nea,2012,2010,3899157,3971309,2992033,869451,0.2906,0.2576,2895760,,
wgwide,mac-nea,2012,2011,3899157,,2907000,,,0.31,2895760,,
